0;UR20-FBC-MOD-TCP-V2;ipAddr;0x1124
0;UR20-FBC-MOD-TCP-V2;subnet;0x1126
0;UR20-FBC-MOD-TCP-V2;gateway;0x1128
0;UR20-FBC-MOD-TCP-V2;ethLinkP1;0x1146
0;UR20-FBC-MOD-TCP-V2;ethLinkP2;0x1147
0;UR20-FBC-MOD-TCP-V2;broadcastLimitP1;0x1160
0;UR20-FBC-MOD-TCP-V2;broadcastLimitP2;0x1161
0;UR20-FBC-MOD-TCP-V2;ipReqPrtcl;0x1148
0;UR20-FBC-MOD-TCP-V2;ModbusDhcpTimeout;0x114A
0;UR20-FBC-MOD-TCP-V2;ModbusAdditionalPort;0x114B
0;UR20-FBC-MOD-TCP-V2;ModbusDualMode;0x114C
0;UR20-FBC-MOD-TCP-V2;ModbusTransportProtocol;0x114D
0;UR20-FBC-MOD-TCP-V2;USBipAddr;0x114E
0;UR20-FBC-MOD-TCP-V2;WebserViaEthernet;0x114F
0;UR20-FBC-MOD-TCP-V2;ModbusWatchdog;0x1120
0;UR20-FBC-MOD-TCP-V2;ModbusConnectionTimeout;0x1131
0;UR20-FBC-MOD-TCP-V2;ModbusConnectionMode;0x1130
0;UR20-FBC-MOD-TCP-V2;RefListMode;0x1132
0;UR20-FBC-MOD-TCP-V2;Coupler Status;0x100C
0;UR20-FBC-MOD-TCP-V2;https settings;0x1150
0;UR20-FBC-MOD-TCP-V2;enable Process alarm;0x1133
0;UR20-FBC-MOD-TCP-V2;enable Diag alarm;0x1134
0;UR20-FBC-MOD-TCP-V2;Failure behaviour;0x1135
0;UR20-FBC-MOD-TCP-V2;Hotplug Behaviour;0x1136
0;UR20-FBC-MOD-TCP-V2;Data format;0x1137
0;UR20-FBC-MOD-TCP-V2;Lock force mode;0x1122
1;UR20-4AI-UI-16;noise suppression;0xC000
1;UR20-4AI-UI-16;Data Format_0;0xC001
1;UR20-4AI-UI-16;Function_0;0xC002
1;UR20-4AI-UI-16;Value_0;0x0000, 0x8000
1;UR20-4AI-UI-16;Data Format_1;0xC003
1;UR20-4AI-UI-16;Function_1;0xC004
1;UR20-4AI-UI-16;Value_1;0x0001, 0x8001
1;UR20-4AI-UI-16;Data Format_2;0xC005
1;UR20-4AI-UI-16;Function_2;0xC006
1;UR20-4AI-UI-16;Value_2;0x0002, 0x8002
1;UR20-4AI-UI-16;Data Format_3;0xC007
1;UR20-4AI-UI-16;Function_3;0xC008
1;UR20-4AI-UI-16;Value_3;0x0003, 0x8003
2;UR20-4AI-UI-16;noise suppression;0xC100
2;UR20-4AI-UI-16;Data Format_0;0xC101
2;UR20-4AI-UI-16;Function_0;0xC102
2;UR20-4AI-UI-16;Value_0;0x0004, 0x8020
2;UR20-4AI-UI-16;Data Format_1;0xC103
2;UR20-4AI-UI-16;Function_1;0xC104
2;UR20-4AI-UI-16;Value_1;0x0005, 0x8021
2;UR20-4AI-UI-16;Data Format_2;0xC105
2;UR20-4AI-UI-16;Function_2;0xC106
2;UR20-4AI-UI-16;Value_2;0x0006, 0x8022
2;UR20-4AI-UI-16;Data Format_3;0xC107
2;UR20-4AI-UI-16;Function_3;0xC108
2;UR20-4AI-UI-16;Value_3;0x0007, 0x8023
3;UR20-4AI-UI-16;noise suppression;0xC200
3;UR20-4AI-UI-16;Data Format_0;0xC201
3;UR20-4AI-UI-16;Function_0;0xC202
3;UR20-4AI-UI-16;Value_0;0x0008, 0x8040
3;UR20-4AI-UI-16;Data Format_1;0xC203
3;UR20-4AI-UI-16;Function_1;0xC204
3;UR20-4AI-UI-16;Value_1;0x0009, 0x8041
3;UR20-4AI-UI-16;Data Format_2;0xC205
3;UR20-4AI-UI-16;Function_2;0xC206
3;UR20-4AI-UI-16;Value_2;0x000A, 0x8042
3;UR20-4AI-UI-16;Data Format_3;0xC207
3;UR20-4AI-UI-16;Function_3;0xC208
3;UR20-4AI-UI-16;Value_3;0x000B, 0x8043