0;UR20-FBC-MOD-TCP-V2;IP address;0x1124
0;UR20-FBC-MOD-TCP-V2;Subnet mask;0x1126
0;UR20-FBC-MOD-TCP-V2;Gateway;0x1128
0;UR20-FBC-MOD-TCP-V2;Transmission rate port 1;0x1146
0;UR20-FBC-MOD-TCP-V2;Transmission rate port 2;0x1147
0;UR20-FBC-MOD-TCP-V2;IP configuration;0x1148
0;UR20-FBC-MOD-TCP-V2;Modbus DHCP timeout;0x114A
0;UR20-FBC-MOD-TCP-V2;Additional TCP port;0x114B
0;UR20-FBC-MOD-TCP-V2;Modbus Dual LAN Mode;0x114C
0;UR20-FBC-MOD-TCP-V2;Modbus transport protocol;0x114D
0;UR20-FBC-MOD-TCP-V2;IP address USB port;0x114E
0;UR20-FBC-MOD-TCP-V2;Webserver via Ethernet;0x114F
0;UR20-FBC-MOD-TCP-V2;Modbus watchdog;0x1120
0;UR20-FBC-MOD-TCP-V2;Modbus connection timeout;0x1131
0;UR20-FBC-MOD-TCP-V2;Writing access in multi-client operation;0x1130
0;UR20-FBC-MOD-TCP-V2;Check reference list before data exchange;0x1132
0;UR20-FBC-MOD-TCP-V2;Coupler status;0x100C
0;UR20-FBC-MOD-TCP-V2;HTTPS setting;0x1150
0;UR20-FBC-MOD-TCP-V2;Process alarm;0x1133
0;UR20-FBC-MOD-TCP-V2;Diagnostic alarm;0x1134
0;UR20-FBC-MOD-TCP-V2;Output behaviour on fieldbus error;0x1135
0;UR20-FBC-MOD-TCP-V2;Module behaviour on hot swap;0x1136
0;UR20-FBC-MOD-TCP-V2;Data format;0x1137
0;UR20-FBC-MOD-TCP-V2;Lock force mode;0x1122
1;UR20-16DI-N;Value_0;0x0000.0, 0x8000.0
1;UR20-16DI-N;Value_1;0x0000.1, 0x8000.1
1;UR20-16DI-N;Value_2;0x0000.2, 0x8000.2
1;UR20-16DI-N;Value_3;0x0000.3, 0x8000.3
1;UR20-16DI-N;Value_4;0x0000.4, 0x8000.4
1;UR20-16DI-N;Value_5;0x0000.5, 0x8000.5
1;UR20-16DI-N;Value_6;0x0000.6, 0x8000.6
1;UR20-16DI-N;Value_7;0x0000.7, 0x8000.7
1;UR20-16DI-N;Value_8;0x0000.8, 0x8000.8
1;UR20-16DI-N;Value_9;0x0000.9, 0x8000.9
1;UR20-16DI-N;Value_10;0x0000.10, 0x8000.10
1;UR20-16DI-N;Value_11;0x0000.11, 0x8000.11
1;UR20-16DI-N;Value_12;0x0000.12, 0x8000.12
1;UR20-16DI-N;Value_13;0x0000.13, 0x8000.13
1;UR20-16DI-N;Value_14;0x0000.14, 0x8000.14
1;UR20-16DI-N;Value_15;0x0000.15, 0x8000.15
2;UR20-4AI-UI-16;Frequency suppression;0xC100
2;UR20-4AI-UI-16;Data format_0;0xC101
2;UR20-4AI-UI-16;Measurement range_0;0xC102
2;UR20-4AI-UI-16;Value_0;0x0001, 0x8020
2;UR20-4AI-UI-16;Data format_1;0xC103
2;UR20-4AI-UI-16;Measurement range_1;0xC104
2;UR20-4AI-UI-16;Value_1;0x0002, 0x8021
2;UR20-4AI-UI-16;Data format_2;0xC105
2;UR20-4AI-UI-16;Measurement range_2;0xC106
2;UR20-4AI-UI-16;Value_2;0x0003, 0x8022
2;UR20-4AI-UI-16;Data format_3;0xC107
2;UR20-4AI-UI-16;Measurement range_3;0xC108
2;UR20-4AI-UI-16;Value_3;0x0004, 0x8023
3;UR20-4AI-UI-16;Frequency suppression;0xC200
3;UR20-4AI-UI-16;Data format_0;0xC201
3;UR20-4AI-UI-16;Measurement range_0;0xC202
3;UR20-4AI-UI-16;Value_0;0x0005, 0x8040
3;UR20-4AI-UI-16;Data format_1;0xC203
3;UR20-4AI-UI-16;Measurement range_1;0xC204
3;UR20-4AI-UI-16;Value_1;0x0006, 0x8041
3;UR20-4AI-UI-16;Data format_2;0xC205
3;UR20-4AI-UI-16;Measurement range_2;0xC206
3;UR20-4AI-UI-16;Value_2;0x0007, 0x8042
3;UR20-4AI-UI-16;Data format_3;0xC207
3;UR20-4AI-UI-16;Measurement range_3;0xC208
3;UR20-4AI-UI-16;Value_3;0x0008, 0x8043
4;UR20-4AI-UI-16;Frequency suppression;0xC300
4;UR20-4AI-UI-16;Data format_0;0xC301
4;UR20-4AI-UI-16;Measurement range_0;0xC302
4;UR20-4AI-UI-16;Value_0;0x0009, 0x8060
4;UR20-4AI-UI-16;Data format_1;0xC303
4;UR20-4AI-UI-16;Measurement range_1;0xC304
4;UR20-4AI-UI-16;Value_1;0x000A, 0x8061
4;UR20-4AI-UI-16;Data format_2;0xC305
4;UR20-4AI-UI-16;Measurement range_2;0xC306
4;UR20-4AI-UI-16;Value_2;0x000B, 0x8062
4;UR20-4AI-UI-16;Data format_3;0xC307
4;UR20-4AI-UI-16;Measurement range_3;0xC308
4;UR20-4AI-UI-16;Value_3;0x000C, 0x8063
5;UR20-4AI-UI-16;Frequency suppression;0xC400
5;UR20-4AI-UI-16;Data format_0;0xC401
5;UR20-4AI-UI-16;Measurement range_0;0xC402
5;UR20-4AI-UI-16;Value_0;0x000D, 0x8080
5;UR20-4AI-UI-16;Data format_1;0xC403
5;UR20-4AI-UI-16;Measurement range_1;0xC404
5;UR20-4AI-UI-16;Value_1;0x000E, 0x8081
5;UR20-4AI-UI-16;Data format_2;0xC405
5;UR20-4AI-UI-16;Measurement range_2;0xC406
5;UR20-4AI-UI-16;Value_2;0x000F, 0x8082
5;UR20-4AI-UI-16;Data format_3;0xC407
5;UR20-4AI-UI-16;Measurement range_3;0xC408
5;UR20-4AI-UI-16;Value_3;0x0010, 0x8083
6;UR20-4AI-UI-16;Frequency suppression;0xC500
6;UR20-4AI-UI-16;Data format_0;0xC501
6;UR20-4AI-UI-16;Measurement range_0;0xC502
6;UR20-4AI-UI-16;Value_0;0x0011, 0x80A0
6;UR20-4AI-UI-16;Data format_1;0xC503
6;UR20-4AI-UI-16;Measurement range_1;0xC504
6;UR20-4AI-UI-16;Value_1;0x0012, 0x80A1
6;UR20-4AI-UI-16;Data format_2;0xC505
6;UR20-4AI-UI-16;Measurement range_2;0xC506
6;UR20-4AI-UI-16;Value_2;0x0013, 0x80A2
6;UR20-4AI-UI-16;Data format_3;0xC507
6;UR20-4AI-UI-16;Measurement range_3;0xC508
6;UR20-4AI-UI-16;Value_3;0x0014, 0x80A3